id;name;code;description
1;California override Frozen;vortals;../fake-data/blob/hipster.txt
2;lime Sports Dong;Credit;../fake-data/blob/hipster.txt
3;purple Plastic Isle;Money;../fake-data/blob/hipster.txt
4;Rubber parse;Gloves collaborative;../fake-data/blob/hipster.txt
5;optimize;transform Myanmar;../fake-data/blob/hipster.txt
6;matrix wireless program;Rustic Account Jewelery;../fake-data/blob/hipster.txt
7;Chair invoice;Nevada;../fake-data/blob/hipster.txt
8;Customer Clothing;e-markets Rustic AI;../fake-data/blob/hipster.txt
9;bypassing Supervisor Texas;Parkway;../fake-data/blob/hipster.txt
10;Computers Refined;Pa'anga lavender;../fake-data/blob/hipster.txt
