id;name;province_id;longitude;latitude
1;Executive Buckinghamshire plum;Extended utilize Fresh;lime;XSS matrix copying
2;Cotton frictionless Soft;GB;Versatile;Wooden
3;Indiana matrix maroon;wireless;Frozen;Account Solutions International
4;withdrawal Granite;Practical;Movies;reboot Investment
5;Jewelery;Refined Total;mindshare Gorgeous;Greens alarm Buckinghamshire
6;Analyst interactive Ridges;local neural Implementation;deposit Kids;Bedfordshire actuating
7;Small;applications;solid;utilisation withdrawal
8;Wooden magenta;Court Clothing;Facilitator;Avon Industrial
9;olive solution;relationships;Buckinghamshire;SAS
10;Zambian;Kyrgyz Frozen black;North;Philippines Loti calculate
